name,band
(Virginia Labuat),Labuat
"Aagre, Froy",Trondheim Jazz Orchestra
"Aalberg, Espen",The Core
"Aarum, Anders",Funky Butt
Abdul Fakir,The Four Tops
Abdul Fakir,Four Tops
"Abdul \""Duke\"" Fakir",The Four Tops
"Abdul \""Duke\"" Fakir",Four Tops
Abram Wilson,Gary Crosby's Nu Troop
Acoustic Ladyland,Polar Bear
Adam Davy,Never the Bride
Adrian Klumpes,Triosk
Adrian Pradhan,1974
Adrian Pradhan,Time Out
Adrian Pradhan,Aath Athara
Adrian Pradhan,Samjhi Baschu
Afrika Baby Bam,Jungle Brothers
Airto Moreira,Sambrasa Trio
Albert Lee,Bill Wyman's Rhythm Kings
"Alegre, Juan Bautists",Johnny Alegre AFFINITY
Alex Iles,Chris Walden Big Band
"Almond, Johnny",Mark-Almond
"Alnæs, Frode",Masqualero
"Alperin, Mikhail",Moscow Art Trio
"Altenburgh, John",Johnny & The MoTones
Anders Aarum,Funky Butt
Anders Hana,Ultralyd
Anders Jormin,Magnetic North Orchestra
"Andersen, Arild",Masqualero
"Anderson, Reid",The Bad Plus
"Andoh, Masahiro",T-Square
"Andoh, Masahiro",Ottottrio
Andreas Hedlund,Waterclime
Andreas Mjøs,Jaga Jazzist
Andreas Ulvo,Eple Trio
Andrew Burnett Creeggan,The Brothers Creeggan
Andrew Lansley,Thrill Collins
André Roligheten,Albatrosh
Andy Creeggan,The Brothers Creeggan
Ane Carmen Roggen,Pitsj
Anine Kruse,Pitsj
Anita Pointer,The Pointer Sisters
Anja Eline Skybakmoen,Pitsj
Ann Marie Calhoun,Gary Ruley and Mule Train
Anne-Marie Giørtz,Ab und Zu
Anri,Cradle Orchestra
Anthony Jackson,Paul Peress
Anthony Jackson,"Peress, Paul"
Anthony Joseph,Anthony Joseph & The Spasm Band
Anthony Rodriguez,Soulganic
Anton Eger,Phronesis
Antonio Sánchez,Pat Metheny Group
Ara Dinkjian,Night Ark
Archer Prewitt,The Sea and Cake
Ardeshir Farah,Strunz & Farah
"Arguelles, Julian",Loose Tubes
"Arguelles, Steve",Loose Tubes
Arild Andersen,Masqualero
Armen Donelian,Night Ark
"Arnesen, Dag",Bergen Big Band
"Arntzen, Roger",In the Country
Arto Tunçboyacıyan,Night Ark
Arve Henriksen,Magic Pocket
Arve Henriksen,Magnetic North Orchestra
Arve Henriksen,Veslefrekk
Arve Henriksen,Trondheim Jazz Orchestra
"Asbjørnsen, Kristin",Kvitretten
"Asbjørnsen, Kristin",Dadafon
Ashley Slater,Loose Tubes
"Aston, Jay",Bucks Fizz
"Aston, Jay",OBF
Atle Nymo,Motif
Atle Nymo,Trondheim Jazz Orchestra
"Ato, Yoshifumi",miu-clips
Audun Kleive,1300
Audun Kleive,Extended Noise
Audun Kleive,Generator X
"Augestad, Tora",Music for a While
"Automator, Dan The",Got a Girl
"Automator, Dan The",I Love You But I Must Drive Off This Cliff Now
"Axelrod, Victor",Antibalas
B. B. Dickerson,Lee Oskar
B. B. Dickerson,"Oskar, Lee"
"Baar, Jon Audun",Pixel
"Bailey, Philip","Earth, Wind & Fire"
"Bailey, Steve",Bass Extremes
"Baker, Cheryl",Bucks Fizz
"Baker, Cheryl",OBF
"Balakrishnan, David",Turtle Island Quartet
"Balke, Erik",1300
"Balke, Erik",Extended Noise
"Balke, Erik",Jazzpunkensemblet
"Balke, Jon",1300
"Balke, Jon",Masqualero
"Balke, Jon",Magnetic North Orchestra
"Balke, Jon",Batagraf
"Ballamy, Iain",Human Chain
"Ballamy, Iain",Food
"Ballamy, Iain",Loose Tubes
"Batchelor, Chris",Loose Tubes
"Bates, Django",Human Chain
"Bates, Django",Loose Tubes
"Bates, Django",StoRMChaser
Beate S. Lech,Beady Belle
"Bell, Robert Kool",Kool & the Gang
"Bell, Ronald",Kool & the Gang
Ben Kenney,Time-Lapse Consortium
Ben Kenny,Time-Lapse Consortium
Ben Wendel,Kneebody
Benedikte Kruse,Pitsj
Benedikte Shetelig Kruse,Pitsj
"Bergeron, Wayne",Chris Walden Big Band
"Bernstein, Peter",The Blue Note 7
Bill Charlap,The Blue Note 7
Bill Lowrey,Peninsula Banjo Band
Bill Wyman,Bill Wyman's Rhythm Kings
Billy Martin,Medeski Martin & Wood
Biswabijoy Sen,Kollage
Bjørn Jenssen,Jazzpunkensemblet
Bjørn Kjellemyr,Jazzpunkensemblet
"Black, Jim",Human Feel
"Blank, Boris",Yello
Blink Indonesia,Blink Indonesia
Bob McChesney,Chris Walden Big Band
Bobby Broom,The Bobby Broom Trio
"Bogie, Stuart D.",Antibalas
"Bohanon, George",Clayton-Hamilton Jazz Orchestra
"Bonds, Gary U.S.",Bill Wyman's Rhythm Kings
Boris Blank,Yello
Brad Houser,Critters Buggin
Brandon Fields,Chris Walden Big Band
"Brandtsegg, Oyvind",Trondheim Jazz Orchestra
Brian Dunning,Nightnoise
Brian Haas,Jacob Fred Jazz Odyssey
"Broad, Graham",Bill Wyman's Rhythm Kings
"Brody, Max",Euripides Pants
"Broo, Magnus",Atomic
"Brooks, Colin",Dan Zanes and Friends
"Broom, Bobby",The Bobby Broom Trio
"Brown, Harold Ray",Lee Oskar
"Brown, Harold Ray","Oskar, Lee"
"Brunborg, Tore",1300
"Brunborg, Tore",Masqualero
"Brunborg, Tore",Magnetic North Orchestra
"Brunborg, Tore",Trondheim Jazz Orchestra
"Brunborg, Tore",Jazzpunkensemblet
"Brøndbo, Rune",Wibutee
"Buckley, Steve",Loose Tubes
Bucks Fizz,Bucks Fizz
Bucks Fizz,OBF
Bugge Wesseltoft,Oslo Groove Company
Bugge Wesseltoft,Jazzpunkensemblet
"Burbridge, Oteil",Bass Extremes
"Cabrales, Fito",Fito & Fitipaldis
"Caird, Patric",Powder Blues Band
"Calhoun, Ann Marie",Gary Ruley and Mule Train
Camilla Gottschalck,Technicoloured Roses
Carl Morten Iversen,1300
Carl Morten Iversen,Extended Noise
"Carrack, Paul",Warm Dust
"Carstensen, Stian",Farmers Market
"Carstensen, Stian",Music for a While
"Carter, Clifford",Paul Peress
"Carter, Clifford","Peress, Paul"
"Chamberlain, Matt",Critters Buggin
Chan Poling,The New Standards
"Charlap, Bill",The Blue Note 7
Charlie Tagawa,Peninsula Banjo Band
Cheryl Baker,Bucks Fizz
Cheryl Baker,OBF
China Forbes,Pink Martini
Chris Batchelor,Loose Tubes
Chris Combs,Jacob Fred Jazz Odyssey
Chris Speed,Human Feel
Chris Tarry,The Hipstones
Chris Walden,Chris Walden Big Band
Chris Wood,Medeski Martin & Wood
"Christensen, Emilie Stoesen",Batagraf
"Christensen, Jon",1300
"Christensen, Jon",Masqualero
Christian Meaas Svendsen,Mopti
Christian Skår Winther,Monkey Plot
Christian Wallumrød,Generator X
Christian Wallumrød,Trondheim Jazz Orchestra
Christian Wallumrød,Jazzpunkensemblet
Christina Schilling,Technicoloured Roses
Christopher Barry Wood,Medeski Martin & Wood
Claire Daly,Kit McClure Band
"Clarke, Kim",Kit McClure Band
"Clarke, Stanley",SMV
"Clayber de Souza, Humberto",Sambrasa Trio
"Clayton, Gerald",The Clayton Brothers
"Clayton, Jeff",Clayton-Hamilton Jazz Orchestra
"Clayton, Jeff",The Clayton Brothers
"Clayton, John",Clayton-Hamilton Jazz Orchestra
Clifford Carter,Paul Peress
Clifford Carter,"Peress, Paul"
"Cobby, Steve",J*S*T*A*R*S
"Coleman, Valerie",Imani Winds
Colin Brooks,Dan Zanes and Friends
"Collins, Mel",The Alan Bown Set
"Coltrane, Ravi",The Blue Note 7
"Combs, Chris",Jacob Fred Jazz Odyssey
Connie Kay,Modern Jazz Quartet
"Copley, Jimmy",Manfred Mann's Earth Band
Counting Crows,Glider
"Creeggan, Andrew Burnett",The Brothers Creeggan
"Creeggan, James Raymond",The Brothers Creeggan
"Crosby, Gary",Gary Crosby's Nu Troop
"Crow, Rob","Creedle
thumb"
"Cullum, Jim",Jim Cullum Jazz Band
"Cunneen, Dan",Nightcaps
"Cunningham, Johnny",Nightnoise
Cuong Vu,Pat Metheny Group
Cutfather,Soulshock & Cutfather
DJ Logic,The John Popper Project
DJ Logic,The John Popper Project Featuring DJ Logic
Dag Arnesen,Bergen Big Band
"Dahl, Thomas T.",Dingobats
"Dahlen, Erland",Batagraf
"Dale, Eyolf",Albatrosh
"Dale, Olav",Bergen Big Band
"Dale, Olav",1300
"Daly, Claire",Kit McClure Band
Dan Cunneen,Nightcaps
Dan The Automator,Got a Girl
Dan The Automator,I Love You But I Must Drive Off This Cliff Now
Dan Zanes,Dan Zanes and Friends
Dan the Automator,Got a Girl
Dan the Automator,I Love You But I Must Drive Off This Cliff Now
Dani Klein,Vaya Con Dios
Daniel Herskedal,Magic Pocket
Darkwood Dub,Darkwood Dub
Daryl Hall,Hall & Oates
Dave Edge,The Real Thing
Dave Flippo,Flippomusic
David Aleksander Sjølie,Mopti
David Balakrishnan,Turtle Island Quartet
David Defries,Loose Tubes
David Gald,Funky Butt
David Immerglück,Glider
David King,The Bad Plus
David King,Happy Apple
David Laflamme,It's a Beautiful Day
David Weiss,The New Jazz Composers Octet
"Davis, Kenny",Timeline
"Davis, Steve",The New Jazz Composers Octet
"Davis, Xavier",The New Jazz Composers Octet
"Davy, Adam",Never the Bride
"Defries, David",Loose Tubes
Dennis Owens,Free Moral Agents
"Deschanel, Zooey",She & Him
"Deutsch, Josh",The Hipstones
"Diawara, Djeli Moussa",Kora Jazz Trio
"Dickerson, B. B.",Lee Oskar
"Dickerson, B. B.","Oskar, Lee"
Dieter Meier,Yello
"Dillon, Mike",Critters Buggin
"Dinkjian, Ara",Night Ark
"Dixon, Rob",The Dixon-Rhyne Project
Django Bates,Human Chain
Django Bates,Loose Tubes
Django Bates,StoRMChaser
Djeli Moussa Diawara,Kora Jazz Trio
"Donelian, Armen",Night Ark
"Doria, Joe",Skerik's Syncopated Taint Septet
Dougie Thomson,The Alan Bown Set
Dr. Martin Taylor MBE,Bill Wyman's Rhythm Kings
"Dukie, Joe",Fat Freddy’s Drop
Dumpstaphunk,Dumpstaphunk
"Dunning, Brian",Nightnoise
Dylan Howe,The Steve Howe Trio
"Eacott, John",Loose Tubes
"Eberson, Marte Maaland",Morning Has Occurred
"Ebersson, John",Jazzpunkensemblet
"Eckert, Jake",Dirty Dozen Brass Band
"Eckhardt, Kai",Garaj Mahal
Eddie Parker,Loose Tubes
"Edge, Dave",The Real Thing
"Edmonds, Paul",Loose Tubes
"Eger, Anton",Phronesis
"Eick, Mathias",Trondheim Jazz Orchestra
"Eick, Mathias",Jaga Jazzist
"Eick, Mathias",Music for a While
"Eick, Trude",Trondheim Jazz Orchestra
"Eilertsen, Mats",Dingobats
"Eilertsen, Mats",Trondheim Jazz Orchestra
"Einziger, Mike",Time-Lapse Consortium
Eirik Hegdal,Dingobats
Eirik Hegdal,Trondheim Jazz Orchestra
Eivin One Pedersen,Extended Noise
Eivind Lønning,Motif
Eivind Lønning,Trondheim Jazz Orchestra
"Ekornes, Kenneth",Ab und Zu
Eldbjørg Raknes,Kvitretten
Eldbjørg Raknes,TINGeLING
Ellen Andrea Wang,Pixel
"Ellingsen, Torstein",The Real Thing
Emilie Stoesen Christensen,Batagraf
"Endresen, Sidsel",Trondheim Jazz Orchestra
"Endsley, Shane",Kneebody
Erik Balke,1300
Erik Balke,Extended Noise
Erik Balke,Jazzpunkensemblet
Erik Johannessen,Magic Pocket
Erik Johannessen,Trondheim Jazz Orchestra
Erik Johannessen,Jaga Jazzist
Erik Nylander,Magic Pocket
Erland Dahlen,Batagraf
Erlend Skomsvoll,Trondheim Jazz Orchestra
Erlend Skomsvoll,Come Shine
Erlend Slettevoll,The Core
Ernst-Wiggo Sandbakk,Oofotr
Espen Aalberg,The Core
Ethan Iverson,The Bad Plus
"Evans, Jack",Reverend Zen
Even Helte Hermansen,Bushman's Revenge
Even Kruse Skatrud,Funky Butt
Even Ormestad,Jaga Jazzist
Eyolf Dale,Albatrosh
"Fakir, Abdul",The Four Tops
"Fakir, Abdul",Four Tops
"Fame, Georgie",Bill Wyman's Rhythm Kings
"Farah, Ardeshir",Strunz & Farah
Fareed Haque,Garaj Mahal
Fareed Haque,The Dixon-Rhyne Project
"Felder, Wilton",The Jazz Crusaders / The Crusaders
"Fields, Brandon",Chris Walden Big Band
Finn Guttormsen,Farmers Market
Fito Cabrales,Fito & Fitipaldis
"Flaten, Ingebrigt Haker",Atomic
"Flaten, Ingebrigt Haker",The Thing
"Fliflet, Gabriel",Fliflet/Hamre
"Flippo, Dave",Flippomusic
"Folkvord, Svein",Storytellers
"Forbes, China",Pink Martini
"France, Martin",Human Chain
"Francis \""Rocco\"" Prestia",Tower of Power
Frank Jakobsen,Bergen Big Band
Frank Simms,The Simms Brothers Band
Fredrik Ljungkvist,Atomic
Fredrik Lundin,Magnetic North Orchestra
"Freedman, Tim",The Whitlams
Frode Alnæs,Masqualero
Frode Nymo,Urban Connection
Frode Nymo,Trondheim Jazz Orchestra
Frøy Aagre,Trondheim Jazz Orchestra
"Fuentes, Val",It's a Beautiful Day
"Fuller, Tia",Kit McClure Band
Gabriel Fliflet,Fliflet/Hamre
"Gald, David",Funky Butt
Gard Nilssen,Puma
Gard Nilssen,Bushman's Revenge
Gard Nilssen,Bushman's Revenge
Gary Crosby,Gary Crosby's Nu Troop
Gary U.S. Bonds,Bill Wyman's Rhythm Kings
Geir Lysne,Oslo Groove Company
George Bohanon,Clayton-Hamilton Jazz Orchestra
Georgie Fame,Bill Wyman's Rhythm Kings
Geraint Watkins,Bill Wyman's Rhythm Kings
Gerald Clayton,The Clayton Brothers
"Gismervik, Jan Martin",Monkey Plot
"Giørtz, Anne Marie",Ab und Zu
"Giørtz, Ole Henrik",Ab und Zu
"Gjære, Siri",Trondheim Jazz Orchestra
"Gjære, Siri",Trondheim Voices
"Gjørvad, Sverre",Dingobats
"Gjørvad, Sverre",Storytellers
"Gladnikoff, Jonas",Technicoloured Roses
"Gottschalck, Camilla",Technicoloured Roses
Graham Broad,Bill Wyman's Rhythm Kings
Greg Kurstin,Geggy Tah
Grégoire Maret,Pat Metheny Group
"Gustafsson, Mats",The Thing
"Guttormsen, Finn",Farmers Market
"Haas, Brian",Jacob Fred Jazz Odyssey
"Hall, Daryl",Hall & Oates
"Halle, Morten",1300
"Halle, Morten",Magnetic North Orchestra
"Halle, Morten",Jazzpunkensemblet
"Hamilton, Jeff",Clayton-Hamilton Jazz Orchestra
"Hamre, Ole",Fliflet/Hamre
"Hana, Anders",Ultralyd
"Haque, Fareed",Garaj Mahal
"Haque, Fareed",The Dixon-Rhyne Project
Harald Lassen,Mopti
Harald Lassen,Pixel
Harold Ray Brown,Lee Oskar
Harold Ray Brown,"Oskar, Lee"
"Hart, Robert",Manfred Mann's Earth Band
"Harvey Mason, Jr.",The Underdogs
"Hauge, Svein Dag",Lava
"Haugerud, Tor",BOL
"Haugerud, Tor",Trondheim Jazz Orchestra
"Hausken, Paal",Music for a While
"Hausken, Paal",In the Country
Hayden Powell,Magic Pocket
Hayden Powell,Trondheim Jazz Orchestra
"Heath, Percy",Modern Jazz Quartet
"Hedlund, Andreas",Waterclime
Hedvig Mollestad,Trondheim Jazz Orchestra
Hedvig Mollestad Thomassen,Trondheim Jazz Orchestra
"Hegdal, Eirik",Dingobats
"Hegdal, Eirik",Trondheim Jazz Orchestra
Heidi Skjerve,Trondheim Jazz Orchestra
Heidi Skjerve,Trondheim Voices
Helge Andreas Norbakken,Magnetic North Orchestra
Helge Andreas Norbakken,Batagraf
Helge Andreas Norbakken,Trondheim Jazz Orchestra
Helge Norbakken,Magnetic North Orchestra
Helge Norbakken,Batagraf
Helge Norbakken,Trondheim Jazz Orchestra
Helge Sunde,Oslo Groove Company
"Helliwell, John",The Alan Bown Set
"Hendelman, Tamir",Clayton-Hamilton Jazz Orchestra
"Henriksen, Arve",Magic Pocket
"Henriksen, Arve",Magnetic North Orchestra
"Henriksen, Arve",Veslefrekk
"Henriksen, Arve",Trondheim Jazz Orchestra
Henry Ragas,Original Dixieland Jazz Band
"Henryson, Svante",Magnetic North Orchestra
"Hermansen, Even Helte",Bushman's Revenge
Hermeto Pascoal,Sambrasa Trio
"Herskedal, Daniel",Magic Pocket
"Hiizumi, Masayuki",PE'Z
Hild Sofie Tafjord,Trondheim Jazz Orchestra
Hildegunn Øiseth,Trondheim Jazz Orchestra
"Hillestad, Per",Lava
"Hoiby, Jasper",Phronesis
"Holland, Will",The Quantic Soul Orchestra
"Holte, Wetle",Wibutee
"Hornby, Warwick",The Whitlams
"Horntveth, Lars",Jaga Jazzist
"Horntveth, Line",Jaga Jazzist
"Horntveth, Martin",Jaga Jazzist
"Housden, Jak",The Whitlams
"Houser, Brad",Critters Buggin
Howard E. Scott,Lee Oskar
Howard E. Scott,"Oskar, Lee"
"Howe, Dylan",The Steve Howe Trio
"Howe, Steve",The Steve Howe Trio
Hugh Marsh,The Henrys
"Huke, Kirsti",Trondheim Voices
Humberto Clayber,Sambrasa Trio
Humberto Clayber de Souza,Sambrasa Trio
"Hystad, Jan Kåre",Bergen Big Band
"Hystad, Ole Jacob",Bergen Big Band
Håkon Kornstad,Wibutee
Håkon Mjåset Johansen,Urban Connection
Håkon Mjåset Johansen,Motif
Håkon Mjåset Johansen,Trondheim Jazz Orchestra
Håkon Mjåset Johansen,Come Shine
Håvard Lund,Trondheim Jazz Orchestra
Håvard Wiik,Atomic
Håvard Wiik,Motif
Iain Ballamy,Human Chain
Iain Ballamy,Food
Iain Ballamy,Loose Tubes
Ida Roggen,Pitsj
Idris Rahman,Soothsayers
Ikey Owens,Free Moral Agents
"Iles, Alex",Chris Walden Big Band
"Immerglück, David",Glider
"Inderberg, John Pal",Trondheim Jazz Orchestra
Ingar Zach,Magnetic North Orchestra
Ingar Zach,Trondheim Jazz Orchestra
Ingebrigt Håker Flaten,Atomic
Ingebrigt Håker Flaten,The Thing
Isaiah Ikey Owens,Free Moral Agents
Issei Noro,Ottottrio
"Isungset, Terje",Trondheim Jazz Orchestra
"Itoh, Takeshi",T-Square
Ivan Neville,Dumpstaphunk
"Iversen, Carl Morten",1300
"Iversen, Carl Morten",Extended Noise
"Iverson, Ethan",The Bad Plus
Ivo Neame,Phronesis
Jack Evans,Reverend Zen
"Jackson, Anthony",Paul Peress
"Jackson, Anthony","Peress, Paul"
"Jackson, Milt",Modern Jazz Quartet
"Jahja, Kartika",TIKA and The Dissidents
Jak Housden,The Whitlams
Jake Eckert,Dirty Dozen Brass Band
"Jakobsen, Frank",Bergen Big Band
James Raymond Creeggan,The Brothers Creeggan
James Singleton,Astral Project
Jan Kåre Hystad,Bergen Big Band
Jan Martin Gismervik,Monkey Plot
Jarle Vespestad,Farmers Market
Jarle Vespestad,Veslefrekk
Jason Robinson,Cross Border Trio
Jasper Høiby,Phronesis
Jay Aston,Bucks Fizz
Jay Aston,OBF
Jeff Clayton,Clayton-Hamilton Jazz Orchestra
Jeff Clayton,The Clayton Brothers
Jeff Hamilton,Clayton-Hamilton Jazz Orchestra
"Jenssen, Bjørn",Jazzpunkensemblet
Jess Roden,The Alan Bown Set
Jess Stacy,Peg Meyer’s Melody Kings
Jessica Stevens Lurie,Living Daylights
Jim Black,Human Feel
Jim Creeggan,The Brothers Creeggan
Jim Cullum,Jim Cullum Jazz Band
Jimmy Copley,Manfred Mann's Earth Band
Joe Doria,Skerik's Syncopated Taint Septet
Joe Dukie,Fat Freddy’s Drop
"Johannessen, Erik",Magic Pocket
"Johannessen, Erik",Trondheim Jazz Orchestra
"Johannessen, Erik",Jaga Jazzist
"Johansen, Håkon Mjåset",Urban Connection
"Johansen, Håkon Mjåset",Motif
"Johansen, Håkon Mjåset",Trondheim Jazz Orchestra
"Johansen, Håkon Mjåset",Come Shine
"Johansen, Nils-Olav",Farmers Market
"Johansen, Nils-Olav",Storytellers
"Johansen, Nils-Olav",TINGeLING
"Johansen, Nils-Olav",Trondheim Jazz Orchestra
"Johansen, Per Oddvar",TINGeLING
"Johansen, Per Oddvar",Trondheim Jazz Orchestra
"Johansen, Tore",Trondheim Jazz Orchestra
"Johansen, Vidar",Ab und Zu
John Altenburgh,Johnny & The MoTones
John Clayton,Clayton-Hamilton Jazz Orchestra
John Eacott,Loose Tubes
John Ebersson,Jazzpunkensemblet
John Helliwell,The Alan Bown Set
John Lee Clayton Jr.,Clayton-Hamilton Jazz Orchestra
John Lewis,Modern Jazz Quartet
John M. Wicks,Skerik's Syncopated Taint Septet
John McEntire,The Sea and Cake
John Medeski,Medeski Martin & Wood
John Molo,ModeReko
John Munson,The New Standards
John Oates,Hall & Oates
John Paris,"Earth, Wind & Fire"
John Parricelli,Loose Tubes
John Popper,The John Popper Project
John Popper,The John Popper Project Featuring DJ Logic
John Pål Inderberg,Trondheim Jazz Orchestra
John Sheard,The Henrys
John Tropea,Paul Peress
John Tropea,"Peress, Paul"
"John, Leafcutter",Polar Bear
"John, Leafcutter",Melt Yourself Down
Johnny Alegre,Johnny Alegre AFFINITY
Johnny Almond,Mark-Almond
Johnny Cunningham,Nightnoise
Johnny Vidacovich,Astral Project
"Johnson, Kim","Earth, Wind & Fire"
"Johnson, Marc",Night Ark
"Johnson, Ralph","Earth, Wind & Fire"
Jon Audun Baar,Pixel
Jon Balke,1300
Jon Balke,Masqualero
Jon Balke,Magnetic North Orchestra
Jon Balke,Batagraf
Jon Christensen,1300
Jon Christensen,Masqualero
Jon Eberson,Jazzpunkensemblet
Jon Mark,Mark-Almond
Jonah Parzen-Johnson,Zongo Junction
Jonas Gladnikoff,Technicoloured Roses
Jonas Kilmork Vemøy,Pixel
"Jones, Karen",Kit McClure Band
Jordan McLean,Antibalas
"Jormin, Anders",Magnetic North Orchestra
"Joseph, Anthony",Anthony Joseph & The Spasm Band
"Joseph, Kirk",Dirty Dozen Brass Band
Josh Deutsch,The Hipstones
José Pasillas,Time-Lapse Consortium
Juan Bautists Alegre,Johnny Alegre AFFINITY
Julian Argüelles,Loose Tubes
June Yamagishi,Papa Grows Funk
Jørgen Mathisen,The Core
Jørgen Mathisen,Trondheim Jazz Orchestra
"Jørgensen, Per",Magnetic North Orchestra
Jørn Øien,Oofotr
Kai Eckhardt,Garaj Mahal
"Kamerun, Schorsch",Die Goldenen Zitronen
"Kamfjord, Olaf",Ab und Zu
"Kannegård, Maria",TINGeLING
"Kapestad, Kenneth",Dadafon
Karen Jones,Kit McClure Band
Kartika Jahja,TIKA and The Dissidents
Kaveh Rastegar,Kneebody
"Kay, Connie",Modern Jazz Quartet
Kayamar,WindSingers
Kazik Staszewski,Kult
Ken Stubbs,Loose Tubes
Kenneth Ekornes,Ab und Zu
Kenneth Kapestad,Dadafon
Kenneth Kapstad,Dadafon
Kenny Davis,Timeline
"Kenny, Ben",Time-Lapse Consortium
Kim Clarke,Kit McClure Band
Kim Johnson,"Earth, Wind & Fire"
Kim Myhr,Trondheim Jazz Orchestra
Kim Richmond,Chris Walden Big Band
"Kinch, Steve",Manfred Mann's Earth Band
"Kinchla, Thaddeus Arwood",The John Popper Project
"Kinchla, Thaddeus Arwood",The John Popper Project Featuring DJ Logic
"King, David",The Bad Plus
"King, David",Happy Apple
Kirk Joseph,Dirty Dozen Brass Band
Kirsti Huke,Trondheim Voices
Kit McClure,Kit McClure Band
Kit Mcclure,Kit McClure Band
"Kjellemyr, Bjørn",Jazzpunkensemblet
Kjersti Stubø,Kvitretten
Kjersti Stubø,Oofotr
Kjetil Møster,Trondheim Jazz Orchestra
Kjetil Møster,Ultralyd
"Klein, Dani",Vaya Con Dios
"Kleive, Audun",1300
"Kleive, Audun",Extended Noise
"Kleive, Audun",Generator X
Knut Riisnæs,Oslo Groove Company
"Kolstad, Per",Lava
"Kornstad, Håkon",Wibutee
"Krebs, Pete",The Stolen Sweets
"Kreken, Tor Egil",Wibutee
Kristin Asbjørnsen,Kvitretten
Kristin Asbjørnsen,Dadafon
"Kruse, Anine",Pitsj
"Kruse, Benedikte Shetelig",Pitsj
"Kurstin, Greg",Geggy Tah
Kurt Rosenwinkel,Human Feel
"Kvernberg, Ola",Trondheim Jazz Orchestra
Kye Palmer,Clayton-Hamilton Jazz Orchestra
Kye Palmer,Chris Walden Big Band
Kyla-Rose Smith,Freshlyground
Kåre Nymark Jr.,Funky Butt
"Laflamme, David",It's a Beautiful Day
"Langley, Noel",Loose Tubes
"Lansley, Andrew",Thrill Collins
"Large, Storm",Pink Martini
Larry King,Soleil Moon
Larry Shields,Original Dixieland Jazz Band
Lars Horntveth,Jaga Jazzist
"Lassen, Harald",Mopti
"Lassen, Harald",Pixel
"Lauderdale, Thomas M.",Pink Martini
"Lavin, Tom",Powder Blues Band
Lawrence Albert Payton,The Four Tops
Lawrence Albert Payton,Four Tops
"Lech, Beate S.",Beady Belle
"Lee, Albert",Bill Wyman's Rhythm Kings
Leonor Watling,Marlango
Lew Soloff,Paul Peress
Lew Soloff,"Peress, Paul"
Lewis Nash,The Blue Note 7
"Lewis, John",Modern Jazz Quartet
"Lewis, Michael",Happy Apple
Line Horntveth,Jaga Jazzist
Live Maria Roggen,Trondheim Voices
Live Maria Roggen,Come Shine
"Ljungkvist, Fredrik",Atomic
"Lockheart, Mark",Loose Tubes
"Lockheart, Mark",Polar Bear
"Lofthus, Torstein",Damp
"Logic, DJ",The John Popper Project
"Logic, DJ",The John Popper Project Featuring DJ Logic
"Lorson, Mary",Saint Low
"Louhivuori, Olavi",Oddarrang
Louis Robinson,TG Collective
"Lowrey, Bill",Peninsula Banjo Band
"Lund, Håvard",Trondheim Jazz Orchestra
"Lundin, Fredrik",Magnetic North Orchestra
"Lurie, Jessica Stevens",Living Daylights
Lydia,Presuntos Implicados
Lyle Mays,Pat Metheny Group
"Lysne, Geir",Oslo Groove Company
"Lønning, Eivind",Motif
"Lønning, Eivind",Trondheim Jazz Orchestra
M. Ward,She & Him
"MBE, Dr. Martin Taylor",Bill Wyman's Rhythm Kings
"Maestro, Virginia",Labuat
Magne Thormodsæter,Bergen Big Band
Magnus Broo,Atomic
Magnus Skavhaug Nergaard,Monkey Plot
"Mahola, Zolani",Freshlyground
Manfred Mann,Manfred Mann's Earth Band
"Mann, Manfred",Manfred Mann's Earth Band
Manose Singh,1974
Manose Singh,Time Out
Manose Singh,Aath Athara
Manose Singh,Samjhi Baschu
Marc Johnson,Night Ark
Marcella Puppini,The Puppini Sisters
Marcus Miller,SMV
"Maret, Grégoire",Pat Metheny Group
Maria Kannegaard,TINGeLING
Maria Kannegård,TINGeLING
Marius Reksjø,Beady Belle
Mark Lockheart,Loose Tubes
Mark Lockheart,Polar Bear
Mark Summer,Turtle Island Quartet
"Mark, Jon",Mark-Almond
Marlon Roudette,Mattafix
"Marsh, Hugh",The Henrys
Marte Maaland Eberson,Morning Has Occurred
Martin France,Human Chain
Martin France ARAM Hons,Human Chain
Martin Horntveth,Jaga Jazzist
Martin Taxt,Music for a While
Martin Taylor,Bill Wyman's Rhythm Kings
"Martin, Billy",Medeski Martin & Wood
Martín Perna,Antibalas
Mary Elizabeth Winstead,Got a Girl
Mary Elizabeth Winstead,I Love You But I Must Drive Off This Cliff Now
Mary Ellen Simpson,Gary Ruley and Mule Train
Mary Lorson,Saint Low
Mary Margaret O'Hara,The Henrys
Mary Margaret Ohara,The Henrys
Mary Simpson,Gary Ruley and Mule Train
Masahiro Andoh,T-Square
Masahiro Andoh,Ottottrio
Masayuki Hiizumi,PE'Z
"Mason, Jr., Harvey",The Underdogs
Mathias Eick,Trondheim Jazz Orchestra
Mathias Eick,Jaga Jazzist
Mathias Eick,Music for a While
"Mathisen, Jørgen",The Core
"Mathisen, Jørgen",Trondheim Jazz Orchestra
Mats Eilertsen,Dingobats
Mats Eilertsen,Trondheim Jazz Orchestra
Mats Gustafsson,The Thing
Matt Chamberlain,Critters Buggin
Maurice White,"Earth, Wind & Fire"
Maury Rosenberg,Hypnotic Clambake
Max Brody,Euripides Pants
"Mays, Lyle",Pat Metheny Group
"McChesney, Bob",Chris Walden Big Band
"McEntire, John",The Sea and Cake
"McGill, Ollie",The Cat Empire
"McLean, Jordan",Antibalas
"McNeir, Ronnie",The Four Tops
"McNeir, Ronnie",Four Tops
"Mcclure, Kit",Kit McClure Band
"Medeski, John",Medeski Martin & Wood
"Meier, Dieter",Yello
"Meisfjord, Sondre",Come Shine
"Mejide, Risto",Labuat
Mekaal Hasan Band,Mekaal Hasan Band
Mel Collins,The Alan Bown Set
Melvin Rhyne,The Dixon-Rhyne Project
"Metheny, Pat",Pat Metheny Group
Michael Lewis,Happy Apple
Michitarō,Cradle Orchestra
Mick Rogers,Manfred Mann's Earth Band
Mick Taylor,Bill Wyman's Rhythm Kings
Mike Dillon,Critters Buggin
Mike Einziger,Time-Lapse Consortium
Mike Lewis,Happy Apple
Mike Nolan,Bucks Fizz
Mike Nolan,OBF
Mikhail Alperin,Moscow Art Trio
Milan Petrović,Del Arno Band
"Miller, Marcus",SMV
"Miller, Troy",Andrew McCormack
"Miller, Troy","McCormack, Andrew"
Milt Jackson,Modern Jazz Quartet
Misha Alperin,Moscow Art Trio
"Mjøs, Andreas",Jaga Jazzist
"Moen, Øystein",Puma
"Moen, Øystein",Jaga Jazzist
"Molo, John",ModeReko
"Molvær, Nils Petter",1300
"Molvær, Nils Petter",Masqualero
"Molvær, Nils Petter",Jazzpunkensemblet
"Monro, Ryan",The Cat Empire
"Moreira, Airto",Sambrasa Trio
Morten Halle,1300
Morten Halle,Magnetic North Orchestra
Morten Halle,Jazzpunkensemblet
Morten Qvenild,In the Country
"Munson, John",The New Standards
"Myhr, Kim",Trondheim Jazz Orchestra
Myon Walden,The New Jazz Composers Octet
Myron Walden,The New Jazz Composers Octet
Mícheál Ó Domhnaill,Nightnoise
"Møster, Kjetil",Trondheim Jazz Orchestra
"Møster, Kjetil",Ultralyd
"Nash, Lewis",The Blue Note 7
Nasheet Waits,The New Jazz Composers Octet
Nate Wood,Kneebody
"Neame, Ivo",Phronesis
"Nergaard, Magnus Skavhaug",Monkey Plot
"Neville, Ivan",Dumpstaphunk
Nicholas Payton,The Blue Note 7
Nikhil Korula,The Nikhil Korula Band
Nils Petter Molvær,1300
Nils Petter Molvær,Masqualero
Nils Petter Molvær,Jazzpunkensemblet
Nils-Olav Johansen,Farmers Market
Nils-Olav Johansen,Storytellers
Nils-Olav Johansen,TINGeLING
Nils-Olav Johansen,Trondheim Jazz Orchestra
"Nilssen, Gard",Puma
"Nilssen, Gard",Bushman's Revenge
"Nilssen, Gard",Bushman's Revenge
"Nilssen-Love, Paal",Atomic
"Nilssen-Love, Paal",The Thing
Njål Ølnes,Dingobats
Njål Ølnes,Trondheim Jazz Orchestra
Noel Langley,Loose Tubes
"Nolan, Mike",Bucks Fizz
"Nolan, Mike",OBF
"Norbakken, Helge",Magnetic North Orchestra
"Norbakken, Helge",Batagraf
"Norbakken, Helge",Trondheim Jazz Orchestra
"Noro, Issei",Ottottrio
"Nylander, Erik",Magic Pocket
"Nymark, Kåre",Funky Butt
"Nymo, Atle",Motif
"Nymo, Atle",Trondheim Jazz Orchestra
"Nymo, Frode",Urban Connection
"Nymo, Frode",Trondheim Jazz Orchestra
"Ní Dhomhnaill, Tríona",Nightnoise
OBF,Bucks Fizz
OBF,OBF
"Oates, John",Hall & Oates
Odd Riisnæs,1300
"Ohara, Mary Margaret",The Henrys
Ola Kvernberg,Trondheim Jazz Orchestra
Olaf Kamfjord,Ab und Zu
Olav Dale,Bergen Big Band
Olav Dale,1300
Olavi Louhivuori,Oddarrang
Ole Hamre,Fliflet/Hamre
Ole Henrik Giørtz,Ab und Zu
Ole Jacob Hystad,Bergen Big Band
Ole Morten Vågan,Generator X
Ole Morten Vågan,Motif
Ole Morten Vågan,Trondheim Jazz Orchestra
Ole Thomsen,Bergen Big Band
Ollie McGill,The Cat Empire
Orlin Orlinov Pavlov,Kaffe
Orlin Pavlov,Kaffe
"Ormestad, Even",Jaga Jazzist
"Osolomon, Otis",The Watts Prophets
Oteil Burbridge,Bass Extremes
Otis Osolomon,The Watts Prophets
"Owens, Dennis",Free Moral Agents
"Owens, Isaiah Ikey",Free Moral Agents
Paal Nilssen-Love,Atomic
Paal Nilssen-Love,The Thing
"Palmer, Kye",Clayton-Hamilton Jazz Orchestra
"Palmer, Kye",Chris Walden Big Band
"Palmer, Robert",The Alan Bown Set
Paolo Vinaccia,Jazzpunkensemblet
"Paris, John","Earth, Wind & Fire"
"Parker, Eddie",Loose Tubes
"Parricelli, John",Loose Tubes
"Parzen-Johnson, Jonah",Zongo Junction
"Pascoal, Hermeto",Sambrasa Trio
"Pasillas, Jose",Time-Lapse Consortium
Pat Metheny,Pat Metheny Group
Patric Caird,Powder Blues Band
Patrick Tirano,TOI
Paul Carrack,Warm Dust
Paul Edmonds,Loose Tubes
Paul Wagnberg,The Real Thing
"Payton, Lawrence Albert",The Four Tops
"Payton, Lawrence Albert",Four Tops
"Payton, Nicholas",The Blue Note 7
"Pedersen, Eivin One",Extended Noise
Per Hillestad,Lava
Per Jørgensen,Magnetic North Orchestra
Per Kolstad,Lava
Per Oddvar Johansen,TINGeLING
Per Oddvar Johansen,Trondheim Jazz Orchestra
Per Zanussi,Trondheim Jazz Orchestra
Percy Heath,Modern Jazz Quartet
"Perna, Martin",Antibalas
Pete Krebs,The Stolen Sweets
Pete Wareham,Melt Yourself Down
Peter Bernstein,The Blue Note 7
Peter Washington,The Blue Note 7
"Petrovic, Milan",Del Arno Band
Petter Vågan,Trondheim Jazz Orchestra
Petter Wettre,Oslo Groove Company
Philip Bailey,"Earth, Wind & Fire"
"Pitt, Thomas",Magnetic North Orchestra
"Pointer, Anita",The Pointer Sisters
"Pointer, Ruth",The Pointer Sisters
"Pointer, Sadako",The Pointer Sisters
"Poling, Chan",The New Standards
"Popper, John",The John Popper Project
"Popper, John",The John Popper Project Featuring DJ Logic
"Pradhan, Adrian",1974
"Pradhan, Adrian",Time Out
"Pradhan, Adrian",Aath Athara
"Pradhan, Adrian",Samjhi Baschu
"Prekop, Sam",The Sea and Cake
"Prestia, Rocco",Tower of Power
"Prewitt, Archer",The Sea and Cake
"Price, Rachael",Lake Street Dive
Pupil,TOI
"Puppini, Marcella",The Puppini Sisters
Pål Hausken,Music for a While
Pål Hausken,In the Country
Pål Thowsen,Jazzpunkensemblet
"Qvenild, Morten",In the Country
Rachael Price,Lake Street Dive
"Ragas, Henry",Original Dixieland Jazz Band
"Rahman, Idris",Soothsayers
"Raknes, Eldbjørg",Kvitretten
"Raknes, Eldbjørg",TINGeLING
"Raknes, Steinar",The Core
"Raknes, Steinar",Urban Connection
"Raknes, Steinar",Trondheim Jazz Orchestra
Ralph Johnson,"Earth, Wind & Fire"
Rani Arbo and Daisy Mayhem,Rani Arbo and Daisy Mayhem
"Rastegar, Kaveh",Kneebody
Ravi Coltrane,The Blue Note 7
Reid Anderson,The Bad Plus
"Reksjø, Marius",Beady Belle
Rey Washam,Euripides Pants
"Rhyne, Melvin",The Dixon-Rhyne Project
"Richmond, Kim",Chris Walden Big Band
"Richmond, Terepai",The Whitlams
Rickey Woodard,Clayton-Hamilton Jazz Orchestra
"Rickman, Sean",Garaj Mahal
"Riisnæs, Knut",1300
"Riisnæs, Knut",Oslo Groove Company
"Rinne, Tapani",SlowHill
"Rinne, Tapani",RinneRadio
Risto Mejide,Labuat
Rob Crow,"Creedle
thumb"
Rob Dixon,The Dixon-Rhyne Project
Robert Hart,Manfred Mann's Earth Band
Robert Kool Bell,Kool & the Gang
Robert Palmer,The Alan Bown Set
"Robert \""Kool\"" Bell",Kool & the Gang
"Robinson, Louis",TG Collective
Rocco Prestia,Tower of Power
"Rochford, Seb",Polar Bear
"Rochford, Seb",Sons of Kemet
"Rodby, Steve",Pat Metheny Group
"Roden, Jess",The Alan Bown Set
"Rodriguez, Anthony",Soulganic
Roger Arntzen,In the Country
"Rogers, Mick",Manfred Mann's Earth Band
"Roggen, Ane Carmen",Pitsj
"Roggen, Ida",Pitsj
"Roggen, Live Maria",Trondheim Voices
"Roggen, Live Maria",Come Shine
"Roligheten, André",Albatrosh
Ronald Bell,Kool & the Gang
Ronnie McNeir,The Four Tops
Ronnie McNeir,Four Tops
"Rosenberg, Maury",Hypnotic Clambake
"Rosenwinkel, Kurt",Human Feel
"Roudette, Marlon",Mattafix
Runar Tafjord,The Brazz Brothers
Rune Brøndbo,Wibutee
Rune Nergård,Bushman's Revenge
Ruth Pointer,The Pointer Sisters
Ryan Monro,The Cat Empire
Sadako Pointer,The Pointer Sisters
Sam Prekop,The Sea and Cake
"Sanchez, Antonio",Pat Metheny Group
"Sandbakk, Ernst-Wiggo",Oofotr
Sanjay Shrestha,1974
Sanjay Shrestha,Time Out
Sanjay Shrestha,Aath Athara
Sanjay Shrestha,Samjhi Baschu
"Schilling, Christina",Technicoloured Roses
Schorsch Kamerun,Die Goldenen Zitronen
"Scott, Howard E.",Lee Oskar
"Scott, Howard E.","Oskar, Lee"
Sean Rickman,Garaj Mahal
Seb Rochford,Polar Bear
Seb Rochford,Sons of Kemet
"Seim, Trygve",1300
"Sen, Biswabijoy",Kollage
Shane Endsley,Kneebody
"Sheard, John",The Henrys
"Shields, Larry",Original Dixieland Jazz Band
"Shrestha, Sanjay",1974
"Shrestha, Sanjay",Time Out
"Shrestha, Sanjay",Aath Athara
"Shrestha, Sanjay",Samjhi Baschu
Sidsel Endresen,Trondheim Jazz Orchestra
"Simms, Frank",The Simms Brothers Band
"Simpson, Mary",Gary Ruley and Mule Train
"Singh, Manose",1974
"Singh, Manose",Time Out
"Singh, Manose",Aath Athara
"Singh, Manose",Samjhi Baschu
"Singleton, James",Astral Project
Sinosikat?,Sinosikat?
Siri Gjære,Trondheim Jazz Orchestra
Siri Gjære,Trondheim Voices
"Sjolie, David Aleksander",Mopti
"Skatrud, Even Kruse",Funky Butt
Skerik,Skerik's Syncopated Taint Septet
Skerik,Critters Buggin
"Skjerve, Heidi",Trondheim Jazz Orchestra
"Skjerve, Heidi",Trondheim Voices
"Skomsvoll, Erlend",Trondheim Jazz Orchestra
"Skomsvoll, Erlend",Come Shine
"Skybakmoen, Anja Eline",Pitsj
"Slater, Ashley",Loose Tubes
"Slettahjell, Solveig",Kvitretten
"Slettevoll, Erlend",The Core
Slow,SlowHill
"Smith, Kyla-Rose",Freshlyground
Snooky Young,Clayton-Hamilton Jazz Orchestra
"Soloff, Lew",Paul Peress
"Soloff, Lew","Peress, Paul"
Solveig Slettahjell,Kvitretten
Sondre Meisfjord,Come Shine
Soulshock,Soulshock & Cutfather
"Speed, Chris",Human Feel
"Stacy, Jess",Peg Meyer’s Melody Kings
Staffan William-Olsson,The Real Thing
"Stafford, Terell",The Clayton Brothers
Stanley Clarke,SMV
"Staszewski, Kazik",Kult
Stein Erik Tafjord,The Brazz Brothers
Steinar Raknes,The Core
Steinar Raknes,Urban Connection
Steinar Raknes,Trondheim Jazz Orchestra
Steve Argüelles,Loose Tubes
Steve Bailey,Bass Extremes
Steve Buckley,Loose Tubes
Steve Cobby,J*S*T*A*R*S
Steve Davis,The New Jazz Composers Octet
Steve Howe,The Steve Howe Trio
Steve Kinch,Manfred Mann's Earth Band
Steve Rodby,Pat Metheny Group
Steve Wilson,The Blue Note 7
Stian Carstensen,Farmers Market
Stian Carstensen,Music for a While
Stian Westerhus,Puma
Stokley Williams,Mint Condition
"Storløkken, Ståle",Humcrush
"Storløkken, Ståle",BOL
"Storløkken, Ståle",Veslefrekk
"Storløkken, Ståle",Trondheim Jazz Orchestra
Storm Large,Pink Martini
"Strønen, Thomas",Humcrush
"Strønen, Thomas",Food
"Strønen, Thomas",Trondheim Jazz Orchestra
Stuart D. Bogie,Antibalas
"Stubbs, Ken",Loose Tubes
"Stubø, Kjersti",Kvitretten
"Stubø, Kjersti",Oofotr
Ståle Storløkken,Humcrush
Ståle Storløkken,BOL
Ståle Storløkken,Veslefrekk
Ståle Storløkken,Trondheim Jazz Orchestra
"Summer, Mark",Turtle Island Quartet
"Sunde, Helge",Oslo Groove Company
"Sunde, Torbjørn",1300
"Sunde, Torbjørn",Jazzpunkensemblet
"Sundstrom, Anna",Kvitretten
Svante Henryson,Magnetic North Orchestra
Svein Dag Hauge,Lava
Svein Folkvord,Storytellers
"Svendsen, Christian Meaas",Mopti
Sverre Gjørvad,Dingobats
Sverre Gjørvad,Storytellers
Tad Kinchla,The John Popper Project
Tad Kinchla,The John Popper Project Featuring DJ Logic
"Tafjord, Hild Sofie",Trondheim Jazz Orchestra
"Tafjord, Runar",The Brazz Brothers
"Tafjord, Stein Erik",The Brazz Brothers
"Tagawa, Charlie",Peninsula Banjo Band
Takeshi Itoh,T-Square
Tamir Hendelman,Clayton-Hamilton Jazz Orchestra
Tapani Rinne,SlowHill
Tapani Rinne,RinneRadio
"Tarry, Chris",The Hipstones
"Taxt, Martin",Music for a While
"Taylor, Mick",Bill Wyman's Rhythm Kings
"Taylor, Terry",Bill Wyman's Rhythm Kings
Terell Stafford,The Clayton Brothers
Terepai Richmond,The Whitlams
Terje Isungset,Trondheim Jazz Orchestra
Terry Taylor,Bill Wyman's Rhythm Kings
Thaddeus Arwood Kinchla,The John Popper Project
Thaddeus Arwood Kinchla,The John Popper Project Featuring DJ Logic
The Cat Empire,The Cat Empire
The Invisible,Polar Bear
The Pinker Tones,Labuat
Thomas M. Lauderdale,Pink Martini
Thomas Pitt,Magnetic North Orchestra
Thomas Strønen,Humcrush
Thomas Strønen,Food
Thomas Strønen,Trondheim Jazz Orchestra
Thomas T. Dahl,Dingobats
"Thomassen, Hedvig Mollestad",Trondheim Jazz Orchestra
"Thomsen, Ole",Bergen Big Band
"Thomson, Dougie",The Alan Bown Set
"Thormodsæter, Magne",Bergen Big Band
"Thowsen, Pål",Jazzpunkensemblet
Tia Fuller,Kit McClure Band
Ticklah,Antibalas
Tim Freedman,The Whitlams
"Tirano, Patrick",TOI
Tom Lavin,Powder Blues Band
Tone Åse,BOL
Tone Åse,Kvitretten
Tone Åse,Trondheim Voices
Tor Egil Kreken,Wibutee
Tor Haugerud,BOL
Tor Haugerud,Trondheim Jazz Orchestra
Tora Augestad,Music for a While
Torbjørn Sunde,1300
Torbjørn Sunde,Jazzpunkensemblet
Tore Brunborg,1300
Tore Brunborg,Masqualero
Tore Brunborg,Magnetic North Orchestra
Tore Brunborg,Trondheim Jazz Orchestra
Tore Brunborg,Jazzpunkensemblet
Tore Johansen,Trondheim Jazz Orchestra
Torstein Ellingsen,The Real Thing
Torstein Lofthus,Damp
Tower of Power,Tower of Power
Troop,The Underdogs
"Tropea, John",Paul Peress
"Tropea, John","Peress, Paul"
Troy Miller,Andrew McCormack
Troy Miller,"McCormack, Andrew"
Trude Eick,Trondheim Jazz Orchestra
Trygve Seim,1300
Tríona Ní Dhomhnaill,Nightnoise
Tuck & Patti,Tuck & Patti
"Tuncboyaciyan, Arto",Night Ark
Ultra Bra,Oddarrang
"Ulvo, Andreas",Eple Trio
Val Fuentes,It's a Beautiful Day
Valerie Coleman,Imani Winds
"Vemøy, Jonas Kilmork",Pixel
Verdine White,"Earth, Wind & Fire"
"Vespestad, Jarle",Farmers Market
"Vespestad, Jarle",Veslefrekk
Victor Axelrod,Antibalas
Victor Wooten,Bass Extremes
Victor Wooten,SMV
"Vidacovich, Johnny",Astral Project
Vidar Johansen,Ab und Zu
"Vinaccia, Paolo",Jazzpunkensemblet
Virginia Maestro,Labuat
"Vu, Cuong",Pat Metheny Group
"Vågan, Ole Morten",Generator X
"Vågan, Ole Morten",Motif
"Vågan, Ole Morten",Trondheim Jazz Orchestra
"Vågan, Petter",Trondheim Jazz Orchestra
"Wagnberg, Paul",The Real Thing
"Waits, Nasheet",The New Jazz Composers Octet
"Walden, Chris",Chris Walden Big Band
"Walden, Myon",The New Jazz Composers Octet
Walker's Run,Gary Ruley and Mule Train
Walker's Run,Walker's Run
"Wallumrod, Christian",Generator X
"Wallumrod, Christian",Trondheim Jazz Orchestra
"Wallumrod, Christian",Jazzpunkensemblet
"Wang, Ellen Andrea",Pixel
"Ward, M.",She & Him
"Wareham, Pete",Melt Yourself Down
Warwick Hornby,The Whitlams
"Washam, Rey",Euripides Pants
"Washington, Peter",The Blue Note 7
"Watkins, Geraint",Bill Wyman's Rhythm Kings
"Watling, Leonor",Marlango
Wayne Bergeron,Chris Walden Big Band
"Weiss, David",The New Jazz Composers Octet
"Wendel, Ben",Kneebody
"Wesseltoft, Bugge",Oslo Groove Company
"Wesseltoft, Bugge",Jazzpunkensemblet
"Westerhus, Stian",Puma
Wetle Holte,Wibutee
"Wettre, Petter",Oslo Groove Company
"White, Maurice","Earth, Wind & Fire"
"White, Verdine","Earth, Wind & Fire"
"Wicks, John M.",Skerik's Syncopated Taint Septet
"Wierbos, Wolter",Boi Akih
"Wiik, Håvard",Atomic
"Wiik, Håvard",Motif
Will Holland,The Quantic Soul Orchestra
"William-Olsson, Staffan",The Real Thing
"Williams, Stokley",Mint Condition
"Wilson, Abram",Gary Crosby's Nu Troop
"Wilson, Steve",The Blue Note 7
Wilton Felder,The Jazz Crusaders / The Crusaders
"Winstead, Mary Elizabeth",Got a Girl
"Winstead, Mary Elizabeth",I Love You But I Must Drive Off This Cliff Now
"Winther, Christian Skaar",Monkey Plot
"Woe, Is Me",Huffamoose
Wolter Wierbos,Boi Akih
"Wood, Christopher Barry",Medeski Martin & Wood
"Wood, Nate",Kneebody
"Woodard, Rickey",Clayton-Hamilton Jazz Orchestra
"Wooten, Victor",Bass Extremes
"Wooten, Victor",SMV
"Wyman, Bill",Bill Wyman's Rhythm Kings
Xavier Davis,The New Jazz Composers Octet
"Yamagishi, June",Papa Grows Funk
Yoshifumi Ato,miu-clips
"Young, Snooky",Clayton-Hamilton Jazz Orchestra
"Zach, Ingar",Magnetic North Orchestra
"Zach, Ingar",Trondheim Jazz Orchestra
"Zanes, Dan",Dan Zanes and Friends
"Zanussi, Per",Trondheim Jazz Orchestra
Zolani Mahola,Freshlyground
Zooey Deschanel,She & Him
thumb|DjSlow Levi Finland 2011,SlowHill
thumb|English Musician,J*S*T*A*R*S
"Åse, Tone",BOL
"Åse, Tone",Kvitretten
"Åse, Tone",Trondheim Voices
"Ó Domhnaill, Mícheál",Nightnoise
"Øien, Jørn",Oofotr
"Øiseth, Hildegunn",Trondheim Jazz Orchestra
"Ølnes, Njål",Dingobats
"Ølnes, Njål",Trondheim Jazz Orchestra
Øystein Moen,Puma
Øystein Moen,Jaga Jazzist
Øyvind Brandtsegg,Trondheim Jazz Orchestra
Արտո Թունչբոյաջյան,Night Ark
